package,ground_truth,compliance
ai.feebe.mobile,VIOLATION,No
androidgecko.com.himommy,VIOLATION,No
apk.newu.production_app,VIOLATION,No
app.aworld,COMPLIANT,Yes
app.bpjs.mobile,VIOLATION,No
app.breezer,COMPLIANT,Yes
app.club15,COMPLIANT,Yes
app.corporatefitness,VIOLATION,No
app.dynamorewards,VIOLATION,No
app.flinq.athlete,VIOLATION,No
app.growwithjo.diet.fitness,COMPLIANT,Yes
app.loseweight,VIOLATION,No
app.perfectposture,VIOLATION,No
app.planks.workout,VIOLATION,No
app.revital.reconnz,VIOLATION,No
app.rubberbands.fit,VIOLATION,No
app.sparcs,COMPLIANT,Yes
app.vivoo.io,VIOLATION,No
app.workout.movebody,VIOLATION,No
app.workout.pilates,VIOLATION,No
at.info.fity,VIOLATION,No
au.com.medibank.phs,VIOLATION,No
au.org.steps10000.app,COMPLIANT,Yes
bike.cobi.app,VIOLATION,No
bodypro.fit.app,VIOLATION,No
bot.wysa.swissre,COMPLIANT,Yes
br.com.epistemic,VIOLATION,No
club.triibe.app,VIOLATION,No
cn.fitdays.fitdays,VIOLATION,No
cn.icomon.fitdayspro,VIOLATION,No
cn.icomon.fitdayspro.silvergear,VIOLATION,No
co.choosebright.client,COMPLIANT,Yes
co.com.sura.seguros,VIOLATION,No
co.groundsapp.grounds,VIOLATION,No
co.hellocode.exist,COMPLIANT,Yes
co.outch.app,VIOLATION,No
co.uk.davidlloyd.mobileapp,COMPLIANT,Yes
co.well.wellapp,COMPLIANT,Yes
coach.zing.fitness,VIOLATION,No
com.ChallengeRunner.www,VIOLATION,No
com.FitterFly.Wellness,VIOLATION,No
com.absolutelydigital.stepchain,VIOLATION,No
com.abyxfit.abyxfitrun,VIOLATION,No
com.alanmobile,COMPLIANT,Yes
com.alltrails.alltrails,VIOLATION,No
com.allurion,COMPLIANT,Yes
com.alphaprogression.alphaprogression,VIOLATION,No
com.alter_v2,VIOLATION,No
com.app.aiscale,COMPLIANT,Yes
com.app.fitage,VIOLATION,No
com.app.ge,VIOLATION,No
com.app.realfitzclientandroid.fitness,VIOLATION,No
com.apposter.watchmaker,COMPLIANT,Yes
com.apzumi.mobile.dietlabs.dietByAnn,COMPLIANT,Yes
com.arcascope.shift_app,COMPLIANT,Yes
com.art.caldiet,COMPLIANT,Yes
com.asanayoga.asanarebel,VIOLATION,No
com.asus.mbsw.vivowatch_2,COMPLIANT,Yes
com.athletico.athletico,VIOLATION,No
com.aura_medical.auratrack,COMPLIANT,Yes
com.avironactive.mobile,VIOLATION,No
com.azeoo,VIOLATION,No
com.band.iowofit,VIOLATION,No
com.bcbst.wellframe.app,VIOLATION,No
com.bearable,VIOLATION,No
com.benda.fitpro,VIOLATION,No
com.benio.iot.fit,VIOLATION,No
com.beside.beurewards,VIOLATION,No
com.bettertogether.us,COMPLIANT,Yes
com.beurer.healthmanager,COMPLIANT,Yes
com.bfent.movemeapp,VIOLATION,No
com.blinkmap,COMPLIANT,Yes
com.bluesignum.bluediary,VIOLATION,No
com.bodbot.trainer,COMPLIANT,Yes
com.bodybuilding.rise,VIOLATION,No
com.bookdoc.bookdoc,VIOLATION,No
com.bosch.ebike,COMPLIANT,Yes
com.bosoapp,VIOLATION,No
com.breathwork.othership,VIOLATION,No
com.burnbyrebecca.app,VIOLATION,No
com.bws.appv2,VIOLATION,No
com.caliberfitness.app,VIOLATION,No
com.calistree.calistree,VIOLATION,No
com.captivate.meckparkrec,COMPLIANT,Yes
com.captivate.nooksports,COMPLIANT,Yes
com.captivate.ymcadetroit,COMPLIANT,Yes
com.carnimeat.app,VIOLATION,No
com.casparhealth.android.patient,VIOLATION,No
com.casparhealth.android.patient.ebel,VIOLATION,No
com.casparhealth.android.patient.medicos,VIOLATION,No
com.casparhealth.android.patient.paracelsus,VIOLATION,No
com.casparhealth.android.patient.passauer,VIOLATION,No
com.catai.app,VIOLATION,No
com.celled.webapp,VIOLATION,No
com.championhealth.app,VIOLATION,No
com.chapter3.acthive,VIOLATION,No
com.chronicinsights,COMPLIANT,Yes
com.chronostar.smartwatches,VIOLATION,No
com.circul.zg29,VIOLATION,No
com.clsds.trialkit,VIOLATION,No
com.cmoney.slowjogging,VIOLATION,No
com.codingmachine,VIOLATION,No
com.cofox.kahunas.Kahunas,COMPLIANT,Yes
com.conekt.nimble,VIOLATION,No
com.consumedbycode.slopes,COMPLIANT,Yes
com.cooleaf.Cooleaf,COMPLIANT,Yes
com.core_track,VIOLATION,No
com.corehealth.mywellapp,COMPLIANT,Yes
com.counterweight.mobile,VIOLATION,No
com.creamsoft.burnthemdown,VIOLATION,No
com.creamsoft.mycholesterol,VIOLATION,No
com.cronometer.android.gold,COMPLIANT,Yes
com.ddm.diabetes.gro,COMPLIANT,Yes
com.dexcom.g6,VIOLATION,No
com.dexcom.g7,VIOLATION,No
com.dieringe.workout,COMPLIANT,Yes
com.diet.pixsterstudio.ketodietican,VIOLATION,No
com.distantrace.app,VIOLATION,No
com.distillr.app,VIOLATION,No
com.dkonash.breathnow,VIOLATION,No
com.dkvservicios.quierocuidarmemas,VIOLATION,No
com.dmdbrands.gurus.weight,VIOLATION,No
com.doh.sahatna,COMPLIANT,Yes
com.doshcook.doshwalk,COMPLIANT,Yes
com.dungelin.heartrate,COMPLIANT,Yes
com.eatthismuch,VIOLATION,No
com.ebelter.bwell,COMPLIANT,Yes
com.eddiihealth.eddii,VIOLATION,No
com.elink.fittrackhealth.pro,VIOLATION,No
com.ellisapps.itrackbitesplus,VIOLATION,No
com.emocha,VIOLATION,No
com.emorya.emorya_sport_app_flutter,VIOLATION,No
com.epsyhealth.epsy,COMPLIANT,Yes
com.etekcity.vesyncplatform,COMPLIANT,Yes
com.fastrack.reflex.vox,VIOLATION,No
com.fatsecret.android,VIOLATION,No
com.femo.health,COMPLIANT,Yes
com.fitapp,COMPLIANT,Yes
com.fitatu.tracker,VIOLATION,No
com.fitbit.FitbitMobile,VIOLATION,No
com.fitbod.fitbod,VIOLATION,No
com.fitelo.android,VIOLATION,No
com.fitinprogress.programs,COMPLIANT,Yes
com.fitlapapp,VIOLATION,No
com.fitlefy.fitlefy,VIOLATION,No
com.fitnessaccounter.app,VIOLATION,No
com.fitnesskeeper.runkeeper.pro,COMPLIANT,Yes
com.fitnow.loseit,COMPLIANT,Yes
com.fitze,VIOLATION,No
com.flok.flokhealth,VIOLATION,No
com.fossil.wearables.fossil,VIOLATION,No
com.fourtechnologies.mynetdiary.ad,COMPLIANT,Yes
com.fozento.zdfit,VIOLATION,No
com.frankmedrano.app,VIOLATION,No
com.freeletics.lite,COMPLIANT,Yes
com.funnmedia.calory,VIOLATION,No
com.funnmedia.fitnessview,VIOLATION,No
com.funnmedia.waterminder,VIOLATION,No
com.fysiki.fizzup,VIOLATION,No
com.getfitmining.app,VIOLATION,No
com.getsetfit.gsf,VIOLATION,No
com.glean.prod.android,VIOLATION,No
com.globant.starmeup,COMPLIANT,Yes
com.globics.pininfarina,VIOLATION,No
com.gojauntly.app,COMPLIANT,Yes
com.gojoe.app,VIOLATION,No
com.goodbarber.convergeintl,VIOLATION,No
com.google.android.apps.fitness,VIOLATION,No
com.guavahealth.app,COMPLIANT,Yes
com.gymdone.gymworkouttrainer,VIOLATION,No
com.gymflix.programs,VIOLATION,No
com.gymproluxe,VIOLATION,No
com.h2sync.android.h2syncapp,COMPLIANT,Yes
com.ha.prepsmart,VIOLATION,No
com.hanako.hanako.androidui.daimler,COMPLIANT,Yes
com.haraldai.happybob,VIOLATION,No
com.hasz.gymrats.app,COMPLIANT,Yes
com.healbe.healbegobe,VIOLATION,No
com.healthapplines.android.pedometer,COMPLIANT,Yes
com.healtharx.beato,VIOLATION,No
com.healthe.app,VIOLATION,No
com.healthifyme.basic,COMPLIANT,Yes
com.healthmov.app,VIOLATION,No
com.healthyvirtuoso.android,VIOLATION,No
com.healthywage,VIOLATION,No
com.heiaheia,VIOLATION,No
com.hekahealth.walkingchallenge.app,VIOLATION,No
com.hekahealth.walkingchallenge.sna2,VIOLATION,No
com.hevy,COMPLIANT,Yes
com.heytap.health.international,VIOLATION,No
com.hltek.yaoyao,VIOLATION,No
com.huami.watch.hmwatchmanager,COMPLIANT,Yes
com.humworld.humhealth,VIOLATION,No
com.iamyiam.iamyiam,VIOLATION,No
com.icare.iweight,COMPLIANT,Yes
com.icomon.onfit,VIOLATION,No
com.icomon.skipJoy,VIOLATION,No
com.icomon.starfit.starfit,VIOLATION,No
com.ido.hama_fit_pro,VIOLATION,No
com.ifpen.gecoair,VIOLATION,No
com.ihealthlabs.MyVitalsPro,COMPLIANT,Yes
com.imperon.android.gymapp,COMPLIANT,Yes
com.incentfit.app,VIOLATION,No
com.intercity.benchsmart,VIOLATION,No
com.intercity.lipsysmart,VIOLATION,No
com.intercity.missguidedsmart,VIOLATION,No
com.intersales.denverbfh14,VIOLATION,No
com.intersales.denversmartlifeplus,VIOLATION,No
com.inutriciondeportiva.android,VIOLATION,No
com.inventec.Telecarecloud,VIOLATION,No
com.jeet.diety,COMPLIANT,Yes
com.jeet.healthydiet,COMPLIANT,Yes
com.jeremy.app,COMPLIANT,Yes
com.johnsonfitness.fitdisplay2,COMPLIANT,Yes
com.joincarbon.nutrition,VIOLATION,No
com.joinembla.embla1,VIOLATION,No
com.jstyles.jcring_nextring,VIOLATION,No
com.julienquaglierini.programs,VIOLATION,No
com.kbins.kbinsure,VIOLATION,No
com.kept.triaxiom,VIOLATION,No
com.kieslect.ksos,VIOLATION,No
com.kingsmith.xiaojin,VIOLATION,No
com.kstwatch.smartsfit,VIOLATION,No
com.ktbuniversity.rmutlmobile,VIOLATION,No
com.kumanu.purposeful,VIOLATION,No
com.lappartfitness.programs,COMPLIANT,Yes
com.leadway.health,VIOLATION,No
com.lebouging.app,VIOLATION,No
com.lefal.mealligram,VIOLATION,No
com.lefu.xin,COMPLIANT,Yes
com.levelshealth,VIOLATION,No
com.lgs.horusselectpower,VIOLATION,No
com.lhmedia.healthyfood.calories,VIOLATION,No
com.liftosaur.www.twa,COMPLIANT,Yes
com.lillius.apptraining,VIOLATION,No
com.linktop.nexring,COMPLIANT,Yes
com.linzi.sport,COMPLIANT,Yes
com.lippertlife.app,VIOLATION,No
com.livongo.lvmobility,COMPLIANT,Yes
com.lmsporttourism.runnincity,VIOLATION,No
com.lollitech.connect,COMPLIANT,Yes
com.loreal.smartoffice,VIOLATION,No
com.lyfta,VIOLATION,No
com.manridy.ectri,VIOLATION,No
com.marsathletic.android.macfit.app,VIOLATION,No
com.maximawatches.maximacurve,VIOLATION,No
com.mchdactivemarionproject.activemarionproject,VIOLATION,No
com.mci.mciApp,VIOLATION,No
com.mcs.mycoachschool,VIOLATION,No
com.mctechnologies.getvealth,VIOLATION,No
com.meditation.live,COMPLIANT,Yes
com.medm.app.health,COMPLIANT,Yes
com.medm.medmbg.diary,COMPLIANT,Yes
com.medm.medmbp.diary,COMPLIANT,Yes
com.medm.medmtm.diary,COMPLIANT,Yes
com.medm.medmwt.diary,COMPLIANT,Yes
com.merit.sport,COMPLIANT,Yes
com.mile.citygem,VIOLATION,No
com.miphr,VIOLATION,No
com.mitone.active,VIOLATION,No
com.mobileapp.weighlos,VIOLATION,No
com.mobilestyx.mobilestyxapp,VIOLATION,No
com.mobvoi.companion.at,VIOLATION,No
com.momax.momaxsense.app,VIOLATION,No
com.montblanc.summit.companion.android,VIOLATION,No
com.morpheuslife.morpheusmobile,VIOLATION,No
com.motionapp.motionapp,COMPLIANT,Yes
com.mouwasat.mouwasatApp,VIOLATION,No
com.movespring,VIOLATION,No
com.moving.movinglife,COMPLIANT,Yes
com.moyoung.ring.gloring,VIOLATION,No
com.msa.lifesciences.glow,VIOLATION,No
com.muhdo.app,VIOLATION,No
com.munice.miraclenight_android,VIOLATION,No
com.mycopilot.copilotapp,COMPLIANT,Yes
com.myfitnesspal.android,COMPLIANT,Yes
com.mymojohealth.app,COMPLIANT,Yes
com.mysports.teams,COMPLIANT,Yes
com.mystrengthbook.sjfit,VIOLATION,No
com.myworkoutplan.myworkoutplan,VIOLATION,No
com.neuroflow,VIOLATION,No
com.ninebot.segway,VIOLATION,No
com.nothing.cmf.watch,VIOLATION,No
com.nuli.app,VIOLATION,No
com.numan.healthcare,VIOLATION,No
com.nutramegapp,VIOLATION,No
com.nutratech.app.android,COMPLIANT,Yes
com.nutrition.technologies.Fitia,VIOLATION,No
com.oceanwing.smarthome,COMPLIANT,Yes
com.omantel,VIOLATION,No
com.onepeloton.callisto,COMPLIANT,Yes
com.oneteamus.wellsteps,COMPLIANT,Yes
com.oplayer.ameliaaustin,VIOLATION,No
com.oplayer.avonsmart,VIOLATION,No
com.oplayer.baktivconnect,VIOLATION,No
com.oplayer.bfitgame,VIOLATION,No
com.oplayer.blaupunktcoach,VIOLATION,No
com.oplayer.farahsmart2,VIOLATION,No
com.oplayer.fitness4kids,VIOLATION,No
com.oplayer.forever,VIOLATION,No
com.oplayer.gojiactive,VIOLATION,No
com.oplayer.goodmansfitpro,VIOLATION,No
com.oplayer.harrylime,VIOLATION,No
com.oplayer.msmartfit,VIOLATION,No
com.oplayer.orunningplus,VIOLATION,No
com.oplayer.osport,VIOLATION,No
com.oplayer.radleylondon,VIOLATION,No
com.oplayer.reflexactive,VIOLATION,No
com.oplayer.silvercrestwatch,VIOLATION,No
com.oplayer.tikkers,VIOLATION,No
com.oplayer.triaclelife,VIOLATION,No
com.oplayer.vict,VIOLATION,No
com.organicapps.fit,VIOLATION,No
com.ouraring.oura,COMPLIANT,Yes
com.ourhome.fsmobileticket,VIOLATION,No
com.outdooractive.Outdooractive,COMPLIANT,Yes
com.peppermove.home.ems.training,COMPLIANT,Yes
com.physiobuddie.flexhealthapp,VIOLATION,No
com.pingwang.elink,COMPLIANT,Yes
com.pixsterstudio.fastingapp,VIOLATION,No
com.ponosoftware.p908011,COMPLIANT,Yes
com.pravisht.MhbMobile,VIOLATION,No
com.pressforwardgames.cardioquest,VIOLATION,No
com.preventscripts.application,VIOLATION,No
com.primefit,VIOLATION,No
com.prospre,COMPLIANT,Yes
com.protein2,VIOLATION,No
com.proyecto.afegym,COMPLIANT,Yes
com.proyecto.cmasclub.tgcustom,COMPLIANT,Yes
com.proyecto.healthandlife,COMPLIANT,Yes
com.proyecto.serviocio.tg,COMPLIANT,Yes
com.proyecto.tupolideportivocandiles,COMPLIANT,Yes
com.proyecto.valssport.tg,COMPLIANT,Yes
com.proyecto.viaaqua,COMPLIANT,Yes
com.publisherstoolbox.mlrapp,VIOLATION,No
com.pujie.watchfaces,COMPLIANT,Yes
com.pulsetto,VIOLATION,No
com.puml.app,VIOLATION,No
com.qingniu.activiex,COMPLIANT,Yes
com.qingniu.arboleaf,VIOLATION,No
com.qingniu.feelfit,VIOLATION,No
com.qingniu.fitindex,COMPLIANT,Yes
com.qingniu.inevifit,COMPLIANT,Yes
com.radiateandroid,VIOLATION,No
com.ragnarstudios.stepsense,COMPLIANT,Yes
com.randoxhealth.prod,VIOLATION,No
com.rarejava.miwalkingpad,VIOLATION,No
com.rcPatient,VIOLATION,No
com.reactnativefirebase.gpmappspecific,VIOLATION,No
com.recode.mcrriffjourney,VIOLATION,No
com.recode.saintfancistotalrewards,VIOLATION,No
com.relentless.trainer,VIOLATION,No
com.renpho.aigym,COMPLIANT,Yes
com.renpho.health,COMPLIANT,Yes
com.resmed.myair,COMPLIANT,Yes
com.revivedna.health,VIOLATION,No
com.revoola,VIOLATION,No
com.risesci.nyx,VIOLATION,No
com.rocketjourney,VIOLATION,No
com.rollingstrong.tf1.prod,VIOLATION,No
com.ruguoapp.otterlife,VIOLATION,No
com.rumble_mobile.leumit,COMPLIANT,Yes
com.rumble_mobile.ovdimbari,COMPLIANT,Yes
com.rumble_mobile.yuvitalhealth,COMPLIANT,Yes
com.rumble_mobile.yuvitalorg,COMPLIANT,Yes
com.runbuddy.prod,COMPLIANT,Yes
com.runtastic.android,COMPLIANT,Yes
com.sakai.team_walk_mobile3,VIOLATION,No
com.sbs.diet,VIOLATION,No
com.sec.android.app.shealth,VIOLATION,No
com.selantoapps.bodydiary,COMPLIANT,Yes
com.select.research.mybvi,COMPLIANT,Yes
com.selfcare.diary.mood.tracker.moodpress,COMPLIANT,Yes
com.sequent.oxygo,COMPLIANT,Yes
com.sg.dona_leb,VIOLATION,No
com.shamrock.reework,VIOLATION,No
com.shewellness.programs,COMPLIANT,Yes
com.shinynewapp.migraineinsight2,VIOLATION,No
com.signos.core,VIOLATION,No
com.sillens.shapeupclub,COMPLIANT,Yes
com.sixtostart.zombiesrunclient,VIOLATION,No
com.smartwidgetlabs.fitbitandroid,VIOLATION,No
com.soccerFitYou.App,VIOLATION,No
com.socialaudio.wisdom,VIOLATION,No
com.soletreadmills.sole_v2,VIOLATION,No
com.soundbrenner.pulse,COMPLIANT,Yes
com.sportractive,COMPLIANT,Yes
com.spotme.trars16,COMPLIANT,Yes
com.squats.fittr,COMPLIANT,Yes
com.sslwireless.easyhealth,VIOLATION,No
com.star.customer_app,COMPLIANT,Yes
com.stardust.app,COMPLIANT,Yes
com.steamboat.heygroop,VIOLATION,No
com.stepbet.app,COMPLIANT,Yes
com.steppi.steppifitness,VIOLATION,No
com.stflatam.stfkronos,VIOLATION,No
com.stridesocial.stride,VIOLATION,No
com.strivebenefits,VIOLATION,No
com.stronglifts.app,VIOLATION,No
com.studio.hellohabit,COMPLIANT,Yes
com.sublimed.actitens,COMPLIANT,Yes
com.svapp.release,VIOLATION,No
com.sweetch,VIOLATION,No
com.szyk.myheart,COMPLIANT,Yes
com.taejinketo.inout_webview,VIOLATION,No
com.teamchallengeapps.btc,VIOLATION,No
com.teamexos.exosfit,VIOLATION,No
com.teamfit.telefonica,VIOLATION,No
com.technogym.tgapp,COMPLIANT,Yes
com.teladoc.members,COMPLIANT,Yes
com.thestepupapp.stepup,VIOLATION,No
com.timex.FamilyConnect,VIOLATION,No
com.tonal.companion,COMPLIANT,Yes
com.trainerize.Trainerize,COMPLIANT,Yes
com.trainerize.ablecoachapp,COMPLIANT,Yes
com.trainerize.absoluterecomp,COMPLIANT,Yes
com.trainerize.ampedfitness1,COMPLIANT,Yes
com.trainerize.anchorupfit,COMPLIANT,Yes
com.trainerize.answersnotexcuses,COMPLIANT,Yes
com.trainerize.ascensionfit,COMPLIANT,Yes
com.trainerize.beckikeegancoaching,COMPLIANT,Yes
com.trainerize.benmackey,COMPLIANT,Yes
com.trainerize.bodihq,COMPLIANT,Yes
com.trainerize.bootybyjake,COMPLIANT,Yes
com.trainerize.campondemand,COMPLIANT,Yes
com.trainerize.caseyrossfitness,COMPLIANT,Yes
com.trainerize.charlesglass,COMPLIANT,Yes
com.trainerize.coachmorgan,COMPLIANT,Yes
com.trainerize.committedcoaches,COMPLIANT,Yes
com.trainerize.constancept,COMPLIANT,Yes
com.trainerize.dannywilsonpersonalcoaching,COMPLIANT,Yes
com.trainerize.dufffitness,COMPLIANT,Yes
com.trainerize.dynamicfitnesshtx,COMPLIANT,Yes
com.trainerize.echelonhealthandfitness1,COMPLIANT,Yes
com.trainerize.fergusonfitness2,COMPLIANT,Yes
com.trainerize.fit19app,COMPLIANT,Yes
com.trainerize.fitnesslabonline,COMPLIANT,Yes
com.trainerize.fitnesswithjoshuaray,COMPLIANT,Yes
com.trainerize.fitzone247,COMPLIANT,Yes
com.trainerize.functionalfitness,COMPLIANT,Yes
com.trainerize.goldsgymlovelandcolorado,COMPLIANT,Yes
com.trainerize.goldsgymwaandid,COMPLIANT,Yes
com.trainerize.gondolatn,COMPLIANT,Yes
com.trainerize.hannabaxterfitness,COMPLIANT,Yes
com.trainerize.inwithjen,COMPLIANT,Yes
com.trainerize.ironmountainfitness,COMPLIANT,Yes
com.trainerize.jacobzemer,COMPLIANT,Yes
com.trainerize.jhubbardfitness,COMPLIANT,Yes
com.trainerize.jonathanmaloneycoaching,COMPLIANT,Yes
com.trainerize.jonhortonpersonaltraining,COMPLIANT,Yes
com.trainerize.kellifiercefit,COMPLIANT,Yes
com.trainerize.lanabrewsterfitness,COMPLIANT,Yes
com.trainerize.marcojimenezfitness,COMPLIANT,Yes
com.trainerize.modoma,COMPLIANT,Yes
com.trainerize.morphtransformationcenter,COMPLIANT,Yes
com.trainerize.mosesfitness,COMPLIANT,Yes
com.trainerize.mtbfit,COMPLIANT,Yes
com.trainerize.nessfitness,COMPLIANT,Yes
com.trainerize.outlasthealth,COMPLIANT,Yes
com.trainerize.outrightfitnessperformance1,COMPLIANT,Yes
com.trainerize.ozarkwellness,COMPLIANT,Yes
com.trainerize.peakfitness,COMPLIANT,Yes
com.trainerize.pilatesforsports,COMPLIANT,Yes
com.trainerize.primalmobility,COMPLIANT,Yes
com.trainerize.rawfitness,COMPLIANT,Yes
com.trainerize.resultsgymalexandria,COMPLIANT,Yes
com.trainerize.rickbrennanfitness,COMPLIANT,Yes
com.trainerize.rrelitetransformations,COMPLIANT,Yes
com.trainerize.semperstronger,COMPLIANT,Yes
com.trainerize.shiftandliftbylaura,COMPLIANT,Yes
com.trainerize.shinebrightfitnessacademy,COMPLIANT,Yes
com.trainerize.sixpackchick,COMPLIANT,Yes
com.trainerize.southaustingym,COMPLIANT,Yes
com.trainerize.the1coach,COMPLIANT,Yes
com.trainerize.thestycollective1,COMPLIANT,Yes
com.trainerize.tier1fitnessandnutrition1,COMPLIANT,Yes
com.trainerize.tomhinepersonaltraining,COMPLIANT,Yes
com.trainerize.totalbodylabtraining,COMPLIANT,Yes
com.trainerize.trainnbs,COMPLIANT,Yes
com.trainerize.triplemnoexcuses,COMPLIANT,Yes
com.trainerize.trufit,COMPLIANT,Yes
com.trainerize.vibrantlife,COMPLIANT,Yes
com.trainerize.vigorfitness,COMPLIANT,Yes
com.trainerize.vimandvigor,COMPLIANT,Yes
com.trainerize.wayoftherope,COMPLIANT,Yes
com.trainerize.youfit,COMPLIANT,Yes
com.trainerize.zachgouldgolf1,COMPLIANT,Yes
com.trainest,COMPLIANT,Yes
com.trainingamigo.tudip.trainingamigo,VIOLATION,No
com.tru.connect,COMPLIANT,Yes
com.truworth.wellnesscorner,COMPLIANT,Yes
com.tuya.smart,VIOLATION,No
com.tuya.smartlife,VIOLATION,No
com.tvoydnevnik,VIOLATION,No
com.ultimate531,VIOLATION,No
com.ultimateperformance.www,COMPLIANT,Yes
com.ultrahuman.android,VIOLATION,No
com.umenoki.jp,VIOLATION,No
com.unibail.amstelveen2,VIOLATION,No
com.urbandroid.sleep,VIOLATION,No
com.urinify,COMPLIANT,Yes
com.viatom.vihealth,COMPLIANT,Yes
com.viraldevelopment.calai,VIOLATION,No
com.virginpulse.virginpulse,VIOLATION,No
com.virtualcoma.lootquest,VIOLATION,No
com.visionwizard.eatwise,VIOLATION,No
com.visionwizard.fastingapp,VIOLATION,No
com.visionwizard.pulse,VIOLATION,No
com.visionwizard.workout,VIOLATION,No
com.vkontakte.android,VIOLATION,No
com.volkano.active,VIOLATION,No
com.volkano.tempopulse,VIOLATION,No
com.volkano.trojanhealth,VIOLATION,No
com.voltathletics.NativeApplication,VIOLATION,No
com.vpgband.app,VIOLATION,No
com.wahoofitness.fitness,VIOLATION,No
com.wam.android,COMPLIANT,Yes
com.watchic.app,VIOLATION,No
com.waveapp.android,VIOLATION,No
com.waybetter.app,COMPLIANT,Yes
com.webmd.ways,COMPLIANT,Yes
com.weightloss.zero.intermittent.bodyfast.fastingtracker,COMPLIANT,Yes
com.weightwatchers.mobile,COMPLIANT,Yes
com.wellness.beyondbody,COMPLIANT,Yes
com.welltory.client.android,VIOLATION,No
com.wellx,VIOLATION,No
com.weward,VIOLATION,No
com.wholesomeyum.easyketoapp,VIOLATION,No
com.whoop.android,COMPLIANT,Yes
com.widgetable.theme.android,COMPLIANT,Yes
com.withings.wiscale2,COMPLIANT,Yes
com.withyousport.programs,COMPLIANT,Yes
com.wombatapps.carbmanager,VIOLATION,No
com.workadvantage.rewards,VIOLATION,No
com.wowbody.production,VIOLATION,No
com.xiaoxun.xunoversea.mibrofit,COMPLIANT,Yes
com.xtheon.teamfit,VIOLATION,No
com.yc.fosmetfit,COMPLIANT,Yes
com.yc.gloryfit,COMPLIANT,Yes
com.yc.gloryfitpro,COMPLIANT,Yes
com.yc.imikilife,COMPLIANT,Yes
com.yc.kospetfit,COMPLIANT,Yes
com.yesfitclient,VIOLATION,No
com.yf.smart.coros.dist,VIOLATION,No
com.youloft.health,VIOLATION,No
com.yu.yugrow,VIOLATION,No
com.zhapp.infowear,COMPLIANT,Yes
com.zhongan.ibank,VIOLATION,No
com.zoconut.dietenrich,VIOLATION,No
com.zoconut.rusticwisdom,VIOLATION,No
com.zumba.consumerapp,COMPLIANT,Yes
com.zurich.livewell,VIOLATION,No
de.aoksystems.amg,VIOLATION,No
de.walk15.pedometer,COMPLIANT,Yes
diet.mydiabetes,COMPLIANT,Yes
digifit.android.virtuagym.pro.adrenalineboutique,COMPLIANT,Yes
digifit.android.virtuagym.pro.alexdelgadonl,COMPLIANT,Yes
digifit.android.virtuagym.pro.blair,COMPLIANT,Yes
digifit.android.virtuagym.pro.bravofitcentral,COMPLIANT,Yes
digifit.android.virtuagym.pro.buzzgymsuperclub,COMPLIANT,Yes
digifit.android.virtuagym.pro.cityfitness2,COMPLIANT,Yes
digifit.android.virtuagym.pro.fitnessonline,COMPLIANT,Yes
digifit.android.virtuagym.pro.fittertraining,COMPLIANT,Yes
digifit.android.virtuagym.pro.fuse,COMPLIANT,Yes
digifit.android.virtuagym.pro.getup,COMPLIANT,Yes
digifit.android.virtuagym.pro.gymaddict,COMPLIANT,Yes
digifit.android.virtuagym.pro.head,COMPLIANT,Yes
digifit.android.virtuagym.pro.holmesplaceportugal,COMPLIANT,Yes
digifit.android.virtuagym.pro.huxsport,COMPLIANT,Yes
digifit.android.virtuagym.pro.lappartfitnesscaen,COMPLIANT,Yes
digifit.android.virtuagym.pro.marinafitnessclub,COMPLIANT,Yes
digifit.android.virtuagym.pro.pushandpullfitness,COMPLIANT,Yes
digifit.android.virtuagym.pro.reseth,COMPLIANT,Yes
digifit.android.virtuagym.pro.rogergracieamsterdam,COMPLIANT,Yes
digifit.android.virtuagym.pro.ruckscience,COMPLIANT,Yes
digifit.android.virtuagym.pro.sapiensjerez,COMPLIANT,Yes
digifit.android.virtuagym.pro.sportcentrumdeviergang,COMPLIANT,Yes
digifit.android.virtuagym.pro.tghfitnesscenter,COMPLIANT,Yes
digifit.android.virtuagym.pro.tunturifitness,COMPLIANT,Yes
digifit.android.virtuagym.pro.unifyfitness,COMPLIANT,Yes
digifit.android.virtuagym.pro.walterlewisfitness,COMPLIANT,Yes
digifit.android.virtuagym.pro.ymcaofgreatertoronto,COMPLIANT,Yes
digifit.android.virtuagym.pro.ymcapeninsulademo,COMPLIANT,Yes
digifit.android.virtuagym.pro.ywcaofasheville,COMPLIANT,Yes
digifit.virtuagym.client.android,COMPLIANT,Yes
doctorram.medlist,COMPLIANT,Yes
doh.health.shield,VIOLATION,No
eka.care,VIOLATION,No
es.as.deportesapp,VIOLATION,No
es.b100.app,VIOLATION,No
es.biwel.Biwel,VIOLATION,No
es.myrealfood.myrealfood,VIOLATION,No
fi.polar.polarflow,COMPLIANT,Yes
fi.puolustusvoimat.marsmars,VIOLATION,No
fit.appetit,COMPLIANT,Yes
fit.raize.fitness.workout,COMPLIANT,Yes
fitbark.com.android,VIOLATION,No
fitness.jeff.jeffnative,VIOLATION,No
fitness.online.app,COMPLIANT,Yes
fitnesstraining.workout.stopwatch.hiit.intervaltimer,COMPLIANT,Yes
fr.app.beemove,VIOLATION,No
gov.va.mobilehealth.ncptsd.cbti,COMPLIANT,Yes
health.galvan,VIOLATION,No
health.lifesten.lifestenhealth,VIOLATION,No
health.mydiabetes,COMPLIANT,Yes
hidratenow.com.hidrate.hidrateandroid,COMPLIANT,Yes
homeworkout.homeworkouts.noequipment,COMPLIANT,Yes
in.areno,VIOLATION,No
in.fitpage.app,VIOLATION,No
in.sweatco.app,VIOLATION,No
in.yoboshu.yoboshu,VIOLATION,No
info.moodpatterns.moodpatterns,VIOLATION,No
io.bahuma.openscale2healthconnect,COMPLIANT,Yes
io.beatbit.cudis,VIOLATION,No
io.everfit.squashskill,COMPLIANT,Yes
io.everfit.wlbitshenleyfitness,COMPLIANT,Yes
io.everfit.wlstrengthspine,COMPLIANT,Yes
io.homeassistant.companion.android,COMPLIANT,Yes
ipnossoft.rma.free,VIOLATION,No
it.kilogram,VIOLATION,No
je.fit,COMPLIANT,Yes
jp.andwell,COMPLIANT,Yes
jp.joyfit.joyfitappandroid,VIOLATION,No
jp.pointi.pointi_app,VIOLATION,No
jp.pokemon.pokemonsleep,COMPLIANT,Yes
kr.co.hoo.gandan,VIOLATION,No
legsworkout.slimlegs.fatburning.stronglegs,COMPLIANT,Yes
life.simple,VIOLATION,No
life.startchange.goals.resolutions,COMPLIANT,Yes
me.sleep.app,COMPLIANT,Yes
mint.woman.female.workout,VIOLATION,No
musclemonster.fitness.workout.home.gym.planner,COMPLIANT,Yes
net.allm.mysos,COMPLIANT,Yes
net.cachapa.libra,VIOLATION,No
net.hikingbook.hikingbook,VIOLATION,No
net.workoutinc.seven_7minutesfitness_forwomen,VIOLATION,No
nl.appyhapps.healthsync,VIOLATION,No
nl.samsonit.vanmoofapp,VIOLATION,No
no.miahealth.mia,COMPLIANT,Yes
nz.co.strongher,VIOLATION,No
one.slumber.client,COMPLIANT,Yes
one.universal.universalone,VIOLATION,No
org.ascaconferences.app,VIOLATION,No
org.brainhealth.bhp_android,VIOLATION,No
org.bryanjohnson.blueprint,VIOLATION,No
org.digitalcure.ccnf.gout2,COMPLIANT,Yes
org.freepoc.wearlogger,COMPLIANT,Yes
org.howwefeel.moodmeter,COMPLIANT,Yes
org.iggymedia.periodtracker,COMPLIANT,Yes
org.kustom.wallpaper,COMPLIANT,Yes
org.kustom.widget,COMPLIANT,Yes
org.llif.mylife,VIOLATION,No
org.tammyhembrow,VIOLATION,No
org.treekly.app,COMPLIANT,Yes
pl.com.garett.app,VIOLATION,No
pl.lifebite.iyoni,COMPLIANT,Yes
rebel.fitness,VIOLATION,No
ru.health_diet,VIOLATION,No
ru.stayfitt.rnmobileapp,VIOLATION,No
se.dynamicpace.app.production,VIOLATION,No
se.formsatsningen,VIOLATION,No
se.wellr.reboot,COMPLIANT,Yes
si.inova.impactwrap.oneplatform,COMPLIANT,Yes
so.obvio.lina,COMPLIANT,Yes
sp.repcount,VIOLATION,No
th.mi.rta.smartsoldiers,VIOLATION,No
tk.glucodata,VIOLATION,No
tv.boon.bootcamps,VIOLATION,No
tv.fiit.app,COMPLIANT,Yes
tw.gov.ntpc.imc.newtaipay,VIOLATION,No
uni.cbum,VIOLATION,No
weightwatchers.diet.tracker,VIOLATION,No
yumuuv.android.live,COMPLIANT,Yes
